"","Compound.Name","raw_cumsum","num_obs","pct_obs"
"1","20200803_1535_blob_3_fb",1569372.6442385,37,1
"2","20200803_1535_blob_2_",874751.112797298,31,0.837837837837838
"3","20200803_1535_blob_5_fb",606562.881267813,31,0.837837837837838
"4","20200803_1535_blob_453_",295800.567416948,37,1
"5","20200803_1535_blob_9_",286214.515007507,37,1
"6","20200803_1535_blob_7_",195665.443374113,22,0.594594594594595
"7","20200803_1535_blob_106_fb",183400.86344128,37,1
"8","20200803_1535_blob_18_",172754.449214001,37,1
"9","20200803_1535_blob_23_fb",166630.697412135,37,1
"10","20200803_1535_blob_11_",155252.116554493,30,0.810810810810811
"11","20200803_1535_blob_21_",150196.917468979,37,1
"12","20200803_1535_blob_17_",141352.172591493,37,1
"13","20200803_1535_blob_29_oil",114957.57573345,37,1
"14","20200803_1535_blob_33_oil",106641.320889765,37,1
"15","20200803_1535_blob_63_",101191.199208561,37,1
"16","20200803_1535_blob_500_",96335.5108775906,36,0.972972972972973
"17","20200803_1535_blob_691_oil",94776.2253636141,37,1
"18","20200803_1535_blob_469_oil",94323.9318127735,37,1
"19","20200803_1535_blob_638_oil",87877.7112481666,31,0.837837837837838
"20","20200803_1535_blob_26_",87501.1784903339,37,1
"21","20200803_1535_blob_13_",83835.3542786842,16,0.432432432432432
"22","20200803_1535_blob_443_oil",82542.3515118134,37,1
"23","20200803_1535_blob_170_",78926.4134101297,37,1
"24","20200803_1535_blob_495_oil",74332.3392637448,37,1
"25","20200803_1535_blob_30_",71819.5968058671,37,1
"26","20200803_1535_blob_551_oil",69351.1922627448,29,0.783783783783784
"27","20200803_1535_blob_31_",66081.9952817579,37,1
"28","20200803_1535_blob_143_",65715.3470115963,37,1
"29","20200803_1535_blob_619_oil",64094.8867933195,30,0.810810810810811
"30","20200803_1535_blob_574_",63292.9318241777,20,0.540540540540541
"31","20200803_1535_blob_482_oil",59475.3661586184,31,0.837837837837838
"32","20200803_1535_blob_579_oil",59085.2246823777,26,0.702702702702703
"33","20200803_1535_blob_514_oil",58761.0192979929,16,0.432432432432432
"34","20200803_1535_blob_707_oil",57751.8425173137,31,0.837837837837838
"35","20200803_1535_blob_521_oil",54694.0712702792,32,0.864864864864865
"36","20200803_1535_blob_97_",54169.2363189975,34,0.918918918918919
"37","20200803_1535_blob_669_oil",53256.4600062992,29,0.783783783783784
"38","20200803_1535_blob_645_",51545.1150040399,37,1
"39","20200803_1535_blob_745_",51485.7439219685,37,1
"40","20200803_1535_blob_506_oil",50324.0185989244,36,0.972972972972973
"41","20200803_1535_blob_665_oil",50261.7572968094,19,0.513513513513513
"42","20200803_1535_blob_644_oil",46935.6513286041,32,0.864864864864865
"43","20200803_1535_blob_205_",46827.2493034304,37,1
"44","20200803_0949_blob_595_",46452.879917855,20,0.540540540540541
"45","20200803_1535_blob_47_",45664.1200267408,17,0.459459459459459
"46","20200803_1535_blob_668_",44221.9265675625,37,1
"47","20200803_1535_blob_625_oil",43891.3238593905,31,0.837837837837838
"48","20200803_1535_blob_666_oil",42396.7733974873,20,0.540540540540541
"49","20200803_1535_blob_554_oil",41938.0734122848,30,0.810810810810811
"50","20200803_1535_blob_568_oil",41431.2616430787,27,0.72972972972973
"51","20200803_1535_blob_19_",41314.1359364226,37,1
"52","20200803_1535_blob_398_",41195.1934102578,37,1
"53","20200803_1535_blob_43_",41083.2058495278,37,1
"54","20200803_1535_blob_649_oil",39976.1372318209,18,0.486486486486487
"55","20200803_1535_blob_598_oil",39134.7781515216,26,0.702702702702703
"56","20200803_1535_blob_658_oil",38197.8429955278,19,0.513513513513513
"57","20200803_1535_blob_556_",37054.5421950398,37,1
"58","20200803_1535_blob_652_oil",36100.4404628654,33,0.891891891891892
"59","20200803_1535_blob_650_oil",35275.8575988482,30,0.810810810810811
"60","20200803_1535_blob_116_",35082.5118831029,37,1
"61","20200803_1535_blob_660_",34823.476723345,37,1
"62","20200803_1535_blob_543_oil",34309.132419924,37,1
"63","20200803_1535_blob_516_oil",34094.2343750994,26,0.702702702702703
"64","20200803_1535_blob_623_oil",33956.2780251788,18,0.486486486486487
"65","20200803_1535_blob_655_oil",33208.6317405609,15,0.405405405405405
"66","20200803_1535_blob_492_",32445.3793749231,37,1
"67","20200803_1535_blob_672_oil",31298.7051443325,32,0.864864864864865
"68","20200803_1535_blob_706_",31114.7493944336,26,0.702702702702703
"69","20200803_1535_blob_648_oil",30612.1166295781,27,0.72972972972973
"70","20200803_1535_blob_27_",30155.4446672651,37,1
"71","20200803_1535_blob_701_oil",29255.4993801774,32,0.864864864864865
"72","20200803_1535_blob_662_oil",27121.6144664992,28,0.756756756756757
"73","20200803_1535_blob_637_oil",26742.6306705454,29,0.783783783783784
"74","20200803_1535_blob_550_oil",26327.9799680141,19,0.513513513513513
"75","20200803_1535_blob_641_",26159.691416929,36,0.972972972972973
"76","20200803_1535_blob_682_",26103.4476804941,37,1
"77","20200803_1535_blob_484_oil",25971.3043803028,22,0.594594594594595
"78","20200803_1535_blob_656_",25705.0532600055,37,1
"79","20200803_1535_blob_541_oil",25338.1125806472,26,0.702702702702703
"80","20200803_1535_blob_646_",24902.7380197237,36,0.972972972972973
"81","20200803_1535_blob_804_",23759.1217519008,35,0.945945945945946
"82","20200803_1535_blob_694_",23493.9280489216,37,1
"83","20200803_1535_blob_663_",22492.1636032284,37,1
"84","20200803_1535_blob_759_",22415.911563164,23,0.621621621621622
"85","20200803_1535_blob_678_oil",22316.5647548461,23,0.621621621621622
"86","20200803_1535_blob_642_oil",21874.277988707,16,0.432432432432432
"87","20200803_1535_blob_654_",21837.1177687095,37,1
"88","20200803_1535_blob_697_oil",21352.8202709002,37,1
"89","20200803_1535_blob_683_",20586.8745382428,37,1
"90","20200803_1535_blob_681_",20566.0803427431,24,0.648648648648649
"91","20200803_1535_blob_653_oil",20465.9674718907,25,0.675675675675676
"92","20200803_1535_blob_756_oil",20460.8579404686,18,0.486486486486487
"93","20200803_1535_blob_560_",20203.3745002292,37,1
"94","20200803_1535_blob_675_oil",20180.8630106386,34,0.918918918918919
"95","20200803_1535_blob_688_",20135.935616204,27,0.72972972972973
"96","20200803_1535_blob_711_",19888.3338387883,37,1
"97","20200803_1535_blob_709_",19737.3296266262,27,0.72972972972973
"98","20200803_1535_blob_732_",19685.386643451,22,0.594594594594595
"99","20200803_1535_blob_704_",19630.1684841841,22,0.594594594594595
"100","20200803_1535_blob_702_",19549.0653211045,24,0.648648648648649
"101","20200803_1535_blob_679_",19502.4064800448,37,1
"102","20200803_1535_blob_537_oil",19359.8367380767,12,0.324324324324324
"103","20200803_1535_blob_708_",19247.641038174,37,1
"104","20200803_1535_blob_699_oil",18920.4593902882,18,0.486486486486487
"105","20200803_1535_blob_689_",18829.9077403129,36,0.972972972972973
"106","20200803_1535_blob_533_",18700.4942131413,37,1
"107","20200803_1535_blob_696_oil",18309.4514344664,32,0.864864864864865
"108","20200803_1535_blob_661_oil",18278.293273244,17,0.459459459459459
"109","20200803_1535_blob_854_oil",17942.0740052419,16,0.432432432432432
"110","20200803_1535_blob_725_oil",17940.8129165108,19,0.513513513513513
"111","20200803_1535_blob_780_",17923.7534559731,37,1
"112","20200803_1535_blob_671_",17917.7865601488,21,0.567567567567568
"113","20200803_1535_blob_822_",17317.05108824,37,1
"114","20200803_0949_blob_750_",17150.4591893136,19,0.513513513513513
"115","20200803_1535_blob_772_",17036.3520348576,25,0.675675675675676
"116","20200803_1535_blob_775_oil",16980.5920726213,25,0.675675675675676
"117","20200803_1535_blob_721_",16854.5077795257,37,1
"118","20200803_1535_blob_820_",16758.7229090901,21,0.567567567567568
"119","20200803_1535_blob_667_oil",16456.5382627744,30,0.810810810810811
"120","20200803_1535_blob_730_",16421.7565834707,22,0.594594594594595
"121","20200803_1535_blob_741_",16333.5717445933,25,0.675675675675676
"122","20200803_1535_blob_752_",16085.4188696991,37,1
"123","20200803_1535_blob_713_oil",16026.4288977127,23,0.621621621621622
"124","20200803_1535_blob_727_",15725.7302235328,37,1
"125","20200803_0949_blob_18_",15684.7676182562,22,0.594594594594595
"126","20200803_0949_blob_741_oil",15517.4059427186,23,0.621621621621622
"127","20200803_1535_blob_815_",15345.7291980358,20,0.540540540540541
"128","20200803_1535_blob_762_",15161.1782555203,34,0.918918918918919
"129","20200803_1535_blob_726_oil",15110.7417046335,18,0.486486486486487
"130","20200803_1535_blob_979_",15085.7536038785,37,1
"131","20200803_1535_blob_458_",14987.828722025,37,1
"132","20200803_1535_blob_785_",14966.0668088731,36,0.972972972972973
"133","20200803_1535_blob_659_",14960.0872177945,37,1
"134","20200803_1535_blob_673_",14762.853151698,34,0.918918918918919
"135","20200803_1535_blob_831_",14708.6382741303,20,0.540540540540541
"136","20200803_1535_blob_806_oil",14679.6934367207,27,0.72972972972973
"137","20200803_1535_blob_716_",14645.6107335632,37,1
"138","20200803_1535_blob_761_",14638.9969047872,37,1
"139","20200803_1535_blob_700_",14619.6255597866,21,0.567567567567568
"140","20200803_1535_blob_715_",14594.0729913793,21,0.567567567567568
"141","20200803_1535_blob_825_",14526.6196314144,17,0.459459459459459
"142","20200803_1535_blob_733_",14404.4712050703,37,1
"143","20200803_1535_blob_781_",14355.7219683128,37,1
"144","20200803_1535_blob_905_",14101.7911556922,15,0.405405405405405
"145","20200803_1535_blob_949_oil",14009.0469641154,17,0.459459459459459
"146","20200803_1535_blob_786_",13663.8927978959,27,0.72972972972973
"147","20200803_1535_blob_719_oil",13380.6612845111,20,0.540540540540541
"148","20200803_1535_blob_676_",13190.9389124327,36,0.972972972972973
"149","20200803_1535_blob_664_",13186.8561865544,13,0.351351351351351
"150","20200803_1535_blob_778_",13090.9700321455,21,0.567567567567568
"151","20200803_1535_blob_747_",12925.3937946927,21,0.567567567567568
"152","20200803_1535_blob_872_",12894.7940075418,21,0.567567567567568
"153","20200803_1535_blob_755_",12790.5659158165,36,0.972972972972973
"154","20200803_1535_blob_687_",12759.8186476801,37,1
"155","20200803_1535_blob_720_oil",12676.2024769416,19,0.513513513513513
"156","20200803_1535_blob_802_",12599.2107694772,20,0.540540540540541
"157","20200803_1535_blob_823_oil",12590.5998394758,16,0.432432432432432
"158","20200803_1535_blob_749_",12577.8852013562,37,1
"159","20200803_1535_blob_744_",12492.4069917275,26,0.702702702702703
"160","20200803_1535_blob_651_",12364.1265930477,35,0.945945945945946
"161","20200803_1535_blob_748_",12345.3215336813,19,0.513513513513513
"162","20200803_1535_blob_861_",12267.3177435654,21,0.567567567567568
"163","20200803_1535_blob_767_",12266.8787245231,21,0.567567567567568
"164","20200803_1535_blob_722_",12171.8152559699,25,0.675675675675676
"165","20200803_1535_blob_705_",12141.6990997604,37,1
"166","20200803_1535_blob_670_",11963.2180611657,24,0.648648648648649
"167","20200803_1535_blob_647_oil",11918.6013604206,17,0.459459459459459
"168","20200803_1535_blob_791_",11902.9878024346,21,0.567567567567568
"169","20200803_1535_blob_809_",11848.0130533337,27,0.72972972972973
"170","20200803_1535_blob_770_",11789.4403064534,22,0.594594594594595
"171","20200803_1535_blob_657_",11787.9870756397,37,1
"172","20200803_1535_blob_686_",11711.1229120318,32,0.864864864864865
"173","20200803_1535_blob_729_oil",11338.6771910179,20,0.540540540540541
"174","20200803_1535_blob_746_",11261.0054734726,24,0.648648648648649
"175","20200803_0949_blob_708_",11190.0136251932,19,0.513513513513513
"176","20200803_1535_blob_735_",11159.7474156432,23,0.621621621621622
"177","20200803_1535_blob_695_",11155.7091647494,20,0.540540540540541
"178","20200803_1535_blob_751_",11104.4278447299,28,0.756756756756757
"179","20200803_1535_blob_717_",11098.1250306468,21,0.567567567567568
"180","20200803_1535_blob_677_",11090.8512586637,37,1
"181","20200803_1535_blob_549_",11065.6621823717,12,0.324324324324324
"182","20200803_1535_blob_714_",11034.1742873966,17,0.459459459459459
"183","20200803_1535_blob_750_",10984.4379081578,37,1
"184","20200803_1535_blob_790_",10830.7644641757,25,0.675675675675676
"185","20200803_1535_blob_801_",10759.3000904619,20,0.540540540540541
"186","20200803_1535_blob_885_oil",10627.1382281722,18,0.486486486486487
"187","20200803_1535_blob_765_",10605.0805999496,20,0.540540540540541
"188","20200803_1535_blob_734_",10517.8000911423,37,1
"189","20200803_1535_blob_753_",10475.702048087,36,0.972972972972973
"190","20200803_1535_blob_913_oil",10419.0230366979,15,0.405405405405405
"191","20200803_1535_blob_758_",10382.90202932,22,0.594594594594595
"192","20200803_1535_blob_703_",10338.4505648329,37,1
"193","20200803_1535_blob_698_",10292.1975098433,18,0.486486486486487
"194","20200803_1535_blob_710_",10237.8001751817,30,0.810810810810811
"195","20200803_1535_blob_684_oil",10175.0965083285,18,0.486486486486487
"196","20200803_1535_blob_1005_",10149.6962808337,32,0.864864864864865
"197","20200803_1535_blob_891_",9817.36228162376,37,1
"198","20200803_1535_blob_832_oil",9813.17592647003,13,0.351351351351351
"199","20200803_1535_blob_879_",9770.03046128815,11,0.297297297297297
"200","20200803_1535_blob_757_",9768.45423596489,20,0.540540540540541
"201","20200803_0949_blob_709_oil",9732.40831876151,11,0.297297297297297
"202","20200803_1535_blob_766_",9481.74379718738,27,0.72972972972973
"203","20200803_1535_blob_740_",9447.01611184474,34,0.918918918918919
"204","20200803_1535_blob_816_",9399.59778903248,22,0.594594594594595
"205","20200803_1535_blob_723_oil",9358.63366715502,19,0.513513513513513
"206","20200803_1535_blob_904_",9292.54902654088,26,0.702702702702703
"207","20200803_1535_blob_835_",9284.01263764908,32,0.864864864864865
"208","20200803_1535_blob_800_",9266.33713580927,20,0.540540540540541
"209","20200803_1535_blob_771_oil",9161.53410249133,22,0.594594594594595
"210","20200803_1535_blob_803_",8865.48214555623,35,0.945945945945946
"211","20200803_1535_blob_718_",8769.0796953465,34,0.918918918918919
"212","20200803_1535_blob_768_",8711.82502649424,35,0.945945945945946
"213","20200803_1535_blob_736_",8656.29427492537,28,0.756756756756757
"214","20200803_1535_blob_937_",8637.05527464567,32,0.864864864864865
"215","20200803_1535_blob_888_",8592.616240726,30,0.810810810810811
"216","20200803_1535_blob_810_",8466.84987740643,37,1
"217","20200803_1535_blob_811_",8443.62041415626,37,1
"218","20200803_1535_blob_731_",8328.2412318963,37,1
"219","20200803_1535_blob_789_oil",8245.13652048015,19,0.513513513513513
"220","20200803_0949_blob_767_oil",8243.45714318967,19,0.513513513513513
"221","20200803_1535_blob_773_",8183.93701049237,37,1
"222","20200803_1535_blob_798_",8149.57352964965,31,0.837837837837838
"223","20200803_1535_blob_615_",8095.39271790594,37,1
"224","20200803_1535_blob_743_oil",7969.93046881229,21,0.567567567567568
"225","20200803_1535_blob_784_",7969.40730899618,35,0.945945945945946
"226","20200803_1535_blob_845_oil",7848.42973509091,18,0.486486486486487
"227","20200803_1535_blob_1059_",7842.45306446936,37,1
"228","20200803_1535_blob_882_",7679.55959981933,20,0.540540540540541
"229","20200803_1535_blob_639_oil",7647.48613499423,12,0.324324324324324
"230","20200803_1535_blob_889_",7635.8668988343,37,1
"231","20200803_1535_blob_908_",7619.07798673485,23,0.621621621621622
"232","20200803_1535_blob_1023_",7571.01747424728,21,0.567567567567568
"233","20200803_1535_blob_821_",7551.44503524032,20,0.540540540540541
"234","20200803_1535_blob_712_",7498.48490574477,37,1
"235","20200803_1535_blob_690_",7433.2766691031,31,0.837837837837838
"236","20200803_1535_blob_859_",7351.05352950371,29,0.783783783783784
"237","20200803_1535_blob_796_",7215.64296537937,22,0.594594594594595
"238","20200803_1535_blob_680_oil",7106.50373600789,25,0.675675675675676
"239","20200803_1535_blob_849_",7024.88132877607,34,0.918918918918919
"240","20200803_1535_blob_830_",7024.63336596047,35,0.945945945945946
"241","20200803_1535_blob_901_",6965.25544755929,20,0.540540540540541
"242","20200803_1535_blob_988_",6947.79874466351,21,0.567567567567568
"243","20200803_1535_blob_990_",6917.12691457838,20,0.540540540540541
"244","20200803_1535_blob_923_",6913.78850123628,22,0.594594594594595
"245","20200803_1535_blob_1075_",6893.82382557952,22,0.594594594594595
"246","20200803_1535_blob_788_",6892.03699810204,31,0.837837837837838
"247","20200803_1535_blob_769_",6875.11900825713,37,1
"248","20200803_1535_blob_640_oil",6842.40230250143,5,0.135135135135135
"249","20200803_1535_blob_916_",6836.52617547802,29,0.783783783783784
"250","20200803_1535_blob_793_",6825.12383025946,20,0.540540540540541
"251","20200803_0949_blob_671_",6723.2116758667,23,0.621621621621622
"252","20200803_1535_blob_760_",6687.8673883633,20,0.540540540540541
"253","20200803_1535_blob_930_",6678.6777780168,16,0.432432432432432
"254","20200803_1535_blob_813_",6659.23356772686,21,0.567567567567568
"255","20200803_1535_blob_925_",6608.86034160244,29,0.783783783783784
"256","20200803_1535_blob_909_",6524.24262251175,25,0.675675675675676
"257","20200803_1535_blob_827_",6491.31938937626,32,0.864864864864865
"258","20200803_1535_blob_897_",6434.80603506514,20,0.540540540540541
"259","20200803_1535_blob_984_",6365.53582818846,14,0.378378378378378
"260","20200803_1535_blob_867_",6365.00353921105,19,0.513513513513513
"261","20200803_1535_blob_1007_",6332.42509002995,23,0.621621621621622
"262","20200803_1535_blob_776_",6288.98588674637,8,0.216216216216216
"263","20200803_1535_blob_871_",6274.19782092927,36,0.972972972972973
"264","20200803_1535_blob_847_",6255.07997606755,21,0.567567567567568
"265","20200803_1535_blob_896_oil",6221.08388116211,13,0.351351351351351
"266","20200803_0949_blob_699_",6198.51798563701,30,0.810810810810811
"267","20200803_1535_blob_986_",6177.741519385,29,0.783783783783784
"268","20200803_1535_blob_799_",6068.83024669544,24,0.648648648648649
"269","20200803_1535_blob_864_",6062.04818763196,20,0.540540540540541
"270","20200803_1535_blob_999_",6001.57562366821,26,0.702702702702703
"271","20200803_0949_blob_715_oil",5999.86155240286,16,0.432432432432432
"272","20200803_1535_blob_787_",5984.85763384779,16,0.432432432432432
"273","20200803_1535_blob_892_",5965.32598156637,28,0.756756756756757
"274","20200803_1535_blob_812_",5956.97820370497,21,0.567567567567568
"275","20200803_1535_blob_855_",5940.64912325417,37,1
"276","20200803_1535_blob_764_",5919.38290020277,37,1
"277","20200803_1535_blob_922_",5897.88252966208,37,1
"278","20200803_1535_blob_808_",5848.01097834334,16,0.432432432432432
"279","20200803_1535_blob_838_",5800.44977489009,19,0.513513513513513
"280","20200803_1535_blob_877_",5753.20416883186,19,0.513513513513513
"281","20200803_1535_blob_1026_",5752.73867824529,37,1
"282","20200803_1535_blob_994_",5746.47951952695,22,0.594594594594595
"283","20200803_1535_blob_886_",5745.50261641591,19,0.513513513513513
"284","20200803_1535_blob_934_",5736.56896840064,21,0.567567567567568
"285","20200803_1535_blob_841_",5729.7353849316,20,0.540540540540541
"286","20200803_1535_blob_807_",5726.00571418775,16,0.432432432432432
"287","20200803_1535_blob_912_",5643.58388934194,37,1
"288","20200803_1535_blob_837_",5611.95380072903,19,0.513513513513513
"289","20200803_1535_blob_884_",5597.83189741931,22,0.594594594594595
"290","20200803_1535_blob_779_",5593.0774614733,19,0.513513513513513
"291","20200803_1535_blob_983_",5583.18397312321,33,0.891891891891892
"292","20200803_0949_blob_777_",5582.41123726666,26,0.702702702702703
"293","20200803_1535_blob_843_",5557.41215776913,37,1
"294","20200803_1535_blob_932_",5552.77613385124,15,0.405405405405405
"295","20200803_1535_blob_870_",5379.80604132516,36,0.972972972972973
"296","20200803_1535_blob_946_",5309.95592530454,26,0.702702702702703
"297","20200803_1535_blob_992_",5226.08634897175,37,1
"298","20200803_1535_blob_797_",5170.78631649627,35,0.945945945945946
"299","20200803_1535_blob_961_",5156.99307320712,37,1
"300","20200803_1535_blob_981_",5130.0208956025,21,0.567567567567568
"301","20200803_1535_blob_1045_",5123.91615741817,22,0.594594594594595
"302","20200803_0949_blob_779_oil",5097.62548744044,14,0.378378378378378
"303","20200803_1535_blob_873_",5069.5010243258,19,0.513513513513513
"304","20200803_1535_blob_1070_oil",4984.13135294975,11,0.297297297297297
"305","20200803_1535_blob_795_",4971.52228696676,37,1
"306","20200803_1535_blob_1069_",4940.87607365895,24,0.648648648648649
"307","20200803_1535_blob_828_",4899.37796857639,17,0.459459459459459
"308","20200803_1535_blob_1003_",4859.76644365091,17,0.459459459459459
"309","20200803_1535_blob_792_",4807.83226430859,37,1
"310","20200803_0949_blob_636_",4703.14920138231,8,0.216216216216216
"311","20200803_1535_blob_976_",4673.60590467048,20,0.540540540540541
"312","20200803_1535_blob_763_",4668.8437160044,37,1
"313","20200803_1535_blob_878_",4628.09821845703,19,0.513513513513513
"314","20200803_1535_blob_852_",4622.12679573866,17,0.459459459459459
"315","20200803_1535_blob_742_",4607.22748274207,33,0.891891891891892
"316","20200803_1535_blob_903_",4584.0962989118,21,0.567567567567568
"317","20200803_1535_blob_848_",4572.53624168373,37,1
"318","20200803_0949_blob_786_",4561.39160703787,17,0.459459459459459
"319","20200803_1535_blob_1124_oil",4545.10716180854,12,0.324324324324324
"320","20200803_1535_blob_1037_",4462.10049101625,19,0.513513513513513
"321","20200803_1535_blob_890_",4431.34544046661,37,1
"322","20200803_1535_blob_863_",4416.79373464354,21,0.567567567567568
"323","20200803_1535_blob_839_",4409.00016422871,14,0.378378378378378
"324","20200803_1535_blob_1153_",4387.6471526219,17,0.459459459459459
"325","20200803_1535_blob_833_",4346.38233763408,15,0.405405405405405
"326","20200803_1535_blob_948_",4343.03998614348,19,0.513513513513513
"327","20200803_1535_blob_1067_",4316.99526477188,25,0.675675675675676
"328","20200803_1535_blob_846_",4315.33749752967,19,0.513513513513513
"329","20200803_0949_blob_688_",4302.27757067589,24,0.648648648648649
"330","20200803_1535_blob_860_",4296.31558217232,24,0.648648648648649
"331","20200803_1535_blob_957_",4253.56352806385,35,0.945945945945946
"332","20200803_1535_blob_1091_",4211.86618712794,18,0.486486486486487
"333","20200803_1535_blob_900_",4180.09383673836,15,0.405405405405405
"334","20200803_0949_blob_822_",4170.42238983876,11,0.297297297297297
"335","20200803_1535_blob_875_",4160.18437737424,34,0.918918918918919
"336","20200803_1535_blob_1072_oil",4137.85169570222,13,0.351351351351351
"337","20200803_1535_blob_1043_",4116.76009861958,17,0.459459459459459
"338","20200803_1535_blob_1148_oil",4095.97013497392,11,0.297297297297297
"339","20200803_1535_blob_850_",4089.86755567457,17,0.459459459459459
"340","20200803_1535_blob_693_",4086.67321518701,27,0.72972972972973
"341","20200803_1535_blob_887_",4008.33554262149,26,0.702702702702703
"342","20200803_1535_blob_899_",3996.93527082396,17,0.459459459459459
"343","20200803_1535_blob_898_oil",3981.99727312027,19,0.513513513513513
"344","20200803_1535_blob_1094_",3977.71757346105,19,0.513513513513513
"345","20200803_1535_blob_1047_",3973.96441965475,13,0.351351351351351
"346","20200803_0949_blob_805_",3933.94976405027,15,0.405405405405405
"347","20200803_1535_blob_783_",3925.64254451477,14,0.378378378378378
"348","20200803_1535_blob_895_",3879.81906264214,29,0.783783783783784
"349","20200803_0949_blob_734_oil",3877.98233390587,13,0.351351351351351
"350","20200803_1535_blob_940_",3824.57350276032,20,0.540540540540541
"351","20200803_1535_blob_907_",3816.01733238399,18,0.486486486486487
"352","20200803_1535_blob_926_",3765.8009300779,19,0.513513513513513
"353","20200803_1535_blob_851_",3750.36439352212,18,0.486486486486487
"354","20200803_1535_blob_883_",3748.07934552109,25,0.675675675675676
"355","20200803_1535_blob_1033_",3735.99980546039,32,0.864864864864865
"356","20200803_1535_blob_1112_",3733.73205635341,23,0.621621621621622
"357","20200803_1535_blob_919_",3733.43735468291,37,1
"358","20200803_1535_blob_936_",3723.06341258796,37,1
"359","20200803_1535_blob_814_",3721.96976139055,17,0.459459459459459
"360","20200803_1535_blob_1084_oil",3716.43484657374,15,0.405405405405405
"361","20200803_1535_blob_906_",3710.4292209184,17,0.459459459459459
"362","20200803_1535_blob_777_",3704.39734916328,14,0.378378378378378
"363","20200803_1535_blob_951_",3692.90979846791,37,1
"364","20200803_1535_blob_968_",3683.85740075643,18,0.486486486486487
"365","20200803_0949_blob_831_",3657.2773493818,32,0.864864864864865
"366","20200803_1535_blob_1028_",3628.14405026538,17,0.459459459459459
"367","20200803_1535_blob_794_",3604.06052679076,19,0.513513513513513
"368","20200803_1535_blob_933_",3564.54282950887,18,0.486486486486487
"369","20200803_1535_blob_942_",3550.36293602778,10,0.27027027027027
"370","20200803_1535_blob_844_",3483.45709551523,16,0.432432432432432
"371","20200803_0949_blob_746_",3472.54354517143,17,0.459459459459459
"372","20200803_1535_blob_914_",3470.9557163696,26,0.702702702702703
"373","20200803_1535_blob_842_",3469.88167897565,15,0.405405405405405
"374","20200803_1535_blob_1048_",3464.70536426774,37,1
"375","20200803_1535_blob_866_",3445.75063675442,22,0.594594594594595
"376","20200803_1535_blob_818_",3444.78764422534,21,0.567567567567568
"377","20200803_1535_blob_1120_",3444.36081866488,19,0.513513513513513
"378","20200803_1535_blob_856_",3419.22207149244,9,0.243243243243243
"379","20200803_1535_blob_824_",3416.07510958886,14,0.378378378378378
"380","20200803_1535_blob_972_",3406.86167187776,25,0.675675675675676
"381","20200803_1535_blob_1123_",3405.33166902932,20,0.540540540540541
"382","20200803_1535_blob_1012_",3387.35972605119,33,0.891891891891892
"383","20200803_1535_blob_1188_",3382.33892359154,15,0.405405405405405
"384","20200803_1535_blob_836_",3374.16413929007,18,0.486486486486487
"385","20200803_1535_blob_880_",3330.68511819747,12,0.324324324324324
"386","20200803_1535_blob_943_oil",3328.26924552571,15,0.405405405405405
"387","20200803_1535_blob_1001_",3315.47992638266,33,0.891891891891892
"388","20200803_1535_blob_945_",3304.49367563279,28,0.756756756756757
"389","20200803_0949_blob_901_",3302.29386623827,13,0.351351351351351
"390","20200803_1535_blob_881_",3271.84087072753,30,0.810810810810811
"391","20200803_1535_blob_911_",3268.63821299059,14,0.378378378378378
"392","20200803_1535_blob_1196_",3260.56777046094,37,1
"393","20200803_1535_blob_1039_",3253.18080375742,18,0.486486486486487
"394","20200803_1535_blob_1149_",3251.05182737329,19,0.513513513513513
"395","20200803_1535_blob_1257_",3202.74449363903,25,0.675675675675676
"396","20200803_0949_blob_788_oil",3189.0562553016,11,0.297297297297297
"397","20200803_1535_blob_834_",3188.25372500383,21,0.567567567567568
"398","20200803_1535_blob_1145_oil",3186.76888436767,9,0.243243243243243
"399","20200803_1535_blob_840_",3184.31367981605,17,0.459459459459459
"400","20200803_1535_blob_1065_oil",3159.5800834362,17,0.459459459459459
"401","20200803_1535_blob_858_",3156.34538355276,8,0.216216216216216
"402","20200803_1535_blob_927_",3155.41033251813,37,1
"403","20200803_1535_blob_1011_",3152.69318252915,30,0.810810810810811
"404","20200803_1535_blob_1134_",3148.35718781769,15,0.405405405405405
"405","20200803_1535_blob_967_",3116.16437884439,27,0.72972972972973
"406","20200803_1535_blob_1092_",3087.79958769736,15,0.405405405405405
"407","20200803_1535_blob_1206_oil",3077.08746803684,7,0.189189189189189
"408","20200803_1535_blob_902_",3056.41765653658,36,0.972972972972973
"409","20200803_1535_blob_962_",3039.6850871251,15,0.405405405405405
"410","20200803_1535_blob_1205_",3031.35157860516,14,0.378378378378378
"411","20200803_1535_blob_1000_",3027.53478474847,37,1
"412","20200803_0949_blob_844_oil",2988.99609552605,5,0.135135135135135
"413","20200803_1535_blob_724_oil",2982.90006220318,8,0.216216216216216
"414","20200803_1535_blob_1053_",2980.01423120689,21,0.567567567567568
"415","20200803_1535_blob_924_oil",2977.11605412133,11,0.297297297297297
"416","20200803_0949_blob_724_",2961.64266816721,21,0.567567567567568
"417","20200803_1535_blob_819_oil",2959.23250863027,17,0.459459459459459
"418","20200803_0949_blob_1730_",2945.58575774993,10,0.27027027027027
"419","20200803_1535_blob_1172_",2940.13172973412,25,0.675675675675676
"420","20200803_1535_blob_1192_",2922.3096975534,21,0.567567567567568
"421","20200803_1535_blob_876_",2906.51914306664,30,0.810810810810811
"422","20200803_1535_blob_1104_",2900.83658815069,28,0.756756756756757
"423","20200803_1535_blob_894_",2890.39488673161,19,0.513513513513513
"424","20200803_1535_blob_1139_",2873.18027544267,20,0.540540540540541
"425","20200803_1535_blob_1044_",2865.06102508332,11,0.297297297297297
"426","20200803_1535_blob_980_",2862.66606312621,12,0.324324324324324
"427","20200803_1535_blob_971_",2827.50926519194,28,0.756756756756757
"428","20200803_1535_blob_865_",2826.70074183131,8,0.216216216216216
"429","20200803_1535_blob_964_",2811.08858107409,19,0.513513513513513
"430","20200803_1535_blob_939_",2807.75609663727,11,0.297297297297297
"431","20200803_0949_blob_745_",2707.65503344135,26,0.702702702702703
"432","20200803_0949_blob_766_",2696.50929769651,27,0.72972972972973
"433","20200803_1535_blob_1099_",2694.10108683075,9,0.243243243243243
"434","20200803_1535_blob_874_",2672.23959729233,15,0.405405405405405
"435","20200803_1535_blob_917_",2662.80729579949,18,0.486486486486487
"436","20200803_0949_blob_794_",2659.16186960286,22,0.594594594594595
"437","20200803_1535_blob_966_",2643.74366794117,16,0.432432432432432
"438","20200803_1535_blob_958_",2584.50357061712,37,1
"439","20200803_1535_blob_1046_",2574.99215586184,36,0.972972972972973
"440","20200803_1535_blob_970_",2549.16376383411,13,0.351351351351351
"441","20200803_1535_blob_1040_",2534.9235496414,19,0.513513513513513
"442","20200803_1535_blob_1130_",2533.02450501377,12,0.324324324324324
"443","20200803_1535_blob_1178_",2529.08408506673,23,0.621621621621622
"444","20200803_1535_blob_862_",2522.43066972828,34,0.918918918918919
"445","20200803_1535_blob_998_",2522.22263219706,22,0.594594594594595
"446","20200803_1535_blob_1089_",2488.35426266613,18,0.486486486486487
"447","20200803_1535_blob_1029_",2456.02748179852,20,0.540540540540541
"448","20200803_1535_blob_1042_",2419.7231821674,21,0.567567567567568
"449","20200803_1535_blob_805_",2415.14766539011,37,1
"450","20200803_1535_blob_728_",2408.35668393728,35,0.945945945945946
"451","20200803_1535_blob_1219_",2406.45492036898,19,0.513513513513513
"452","20200803_1535_blob_1184_",2356.38459072847,13,0.351351351351351
"453","20200803_0949_blob_814_",2353.61594219257,13,0.351351351351351
"454","20200803_1535_blob_935_",2351.964559216,14,0.378378378378378
"455","20200803_1535_blob_1141_",2348.57005392768,18,0.486486486486487
"456","20200803_1535_blob_1284_",2335.38528760805,25,0.675675675675676
"457","20200803_1535_blob_1019_oil",2305.39877429563,11,0.297297297297297
"458","20200803_1535_blob_1054_",2286.22167351833,22,0.594594594594595
"459","20200803_1535_blob_1025_",2263.34310949955,19,0.513513513513513
"460","20200803_0949_blob_1009_",2210.76534708892,33,0.891891891891892
"461","20200803_1535_blob_1056_",2206.68945900059,23,0.621621621621622
"462","20200803_1535_blob_1150_",2205.71218301313,13,0.351351351351351
"463","20200803_1535_blob_1252_oil",2177.06768406459,10,0.27027027027027
"464","20200803_1535_blob_1052_",2175.79041491001,37,1
"465","20200803_1535_blob_1255_oil",2159.50160747908,14,0.378378378378378
"466","20200803_1535_blob_1282_",2154.84008510497,11,0.297297297297297
"467","20200803_1535_blob_1080_",2137.13020540255,16,0.432432432432432
"468","20200803_1535_blob_1168_",2123.39986777008,21,0.567567567567568
"469","20200803_1535_blob_947_",2122.37312117796,25,0.675675675675676
"470","20200803_1535_blob_910_",2098.31292219994,16,0.432432432432432
"471","20200803_1535_blob_853_",2094.20316314171,19,0.513513513513513
"472","20200803_1535_blob_941_",2070.75195247754,15,0.405405405405405
"473","20200803_0949_blob_660_",2060.08338200981,11,0.297297297297297
"474","20200803_1535_blob_1162_",2040.68825944108,18,0.486486486486487
"475","20200803_1535_blob_1122_",2039.93483641636,19,0.513513513513513
"476","20200803_1535_blob_1077_",2027.33835696103,15,0.405405405405405
"477","20200803_1535_blob_1022_",1995.26828458314,34,0.918918918918919
"478","20200803_1535_blob_1194_",1971.84717308074,10,0.27027027027027
"479","20200803_1535_blob_1136_",1948.56700384199,12,0.324324324324324
"480","20200803_0949_blob_816_",1923.00641870195,9,0.243243243243243
"481","20200803_1535_blob_893_",1912.10490900362,4,0.108108108108108
"482","20200803_1535_blob_774_",1907.40531333217,34,0.918918918918919
"483","20200803_1535_blob_1058_",1905.80061695145,37,1
"484","20200803_0949_blob_885_oil",1882.09231077489,7,0.189189189189189
"485","20200803_1535_blob_1057_",1837.02092540747,11,0.297297297297297
"486","20200803_0949_blob_620_",1828.47367169404,17,0.459459459459459
"487","20200803_1535_blob_1017_",1819.29144747792,21,0.567567567567568
"488","20200803_0949_blob_760_",1806.17339423247,9,0.243243243243243
"489","20200803_0949_blob_920_",1781.44755226591,15,0.405405405405405
"490","20200803_1535_blob_995_",1777.52448431666,9,0.243243243243243
"491","20200803_1535_blob_965_",1738.72810524371,17,0.459459459459459
"492","20200803_1535_blob_1131_",1737.01907585299,16,0.432432432432432
"493","20200803_1535_blob_1256_",1732.83605739896,12,0.324324324324324
"494","20200803_1535_blob_1063_",1727.7201859252,35,0.945945945945946
"495","20200803_1535_blob_931_oil",1695.24755963462,7,0.189189189189189
"496","20200803_0949_blob_829_",1693.95546922357,25,0.675675675675676
"497","20200803_0949_blob_663_",1676.03569715401,12,0.324324324324324
"498","20200803_1535_blob_1096_",1670.11847563337,16,0.432432432432432
"499","20200803_0949_blob_696_",1665.28471160804,8,0.216216216216216
"500","20200803_1535_blob_1004_",1662.63305980338,15,0.405405405405405
"501","20200803_1535_blob_754_",1649.18738217658,6,0.162162162162162
"502","20200803_1535_blob_982_",1635.92109031352,16,0.432432432432432
"503","20200803_0949_blob_1011_",1630.84177895695,12,0.324324324324324
"504","20200803_1535_blob_1421_",1629.68362749305,25,0.675675675675676
"505","20200803_1535_blob_1016_",1615.59312491037,24,0.648648648648649
"506","20200803_0949_blob_978_",1604.87465417699,7,0.189189189189189
"507","20200803_1535_blob_1111_",1601.7741653694,15,0.405405405405405
"508","20200803_1535_blob_1097_",1583.98193318104,20,0.540540540540541
"509","20200803_1535_blob_1190_",1581.47405241966,15,0.405405405405405
"510","20200803_1535_blob_1095_",1568.89905305863,8,0.216216216216216
"511","20200803_1535_blob_993_",1568.74393267167,24,0.648648648648649
"512","20200803_0949_blob_796_",1562.92695694567,11,0.297297297297297
"513","20200803_1535_blob_1014_",1552.26226835888,9,0.243243243243243
"514","20200803_1535_blob_1343_",1550.93854233309,11,0.297297297297297
"515","20200803_1535_blob_1405_",1529.05574590895,16,0.432432432432432
"516","20200803_1535_blob_1051_",1527.64187164272,17,0.459459459459459
"517","20200803_1535_blob_1105_",1513.15665569999,15,0.405405405405405
"518","20200803_0949_blob_958_",1509.85359956006,8,0.216216216216216
"519","20200803_0949_blob_861_",1490.13552907523,18,0.486486486486487
"520","20200803_1535_blob_959_",1487.08363472974,12,0.324324324324324
"521","20200803_1535_blob_1157_",1462.78849217566,14,0.378378378378378
"522","20200803_0949_blob_1063_",1448.74039076895,33,0.891891891891892
"523","20200803_1535_blob_868_",1425.61749390697,3,0.0810810810810811
"524","20200803_1535_blob_1073_",1396.67060092459,15,0.405405405405405
"525","20200803_1535_blob_1431_",1395.75849863345,18,0.486486486486487
"526","20200803_0949_blob_676_",1391.21619784486,14,0.378378378378378
"527","20200803_1535_blob_1160_",1388.27705121989,11,0.297297297297297
"528","20200803_1535_blob_1031_",1383.45213632986,16,0.432432432432432
"529","20200803_1535_blob_1078_",1376.35274419737,15,0.405405405405405
"530","20200803_0949_blob_1163_",1335.9752934817,36,0.972972972972973
"531","20200803_1535_blob_1239_",1317.84090933951,21,0.567567567567568
"532","20200803_1535_blob_1079_",1300.3863835328,15,0.405405405405405
"533","20200803_0949_blob_896_",1293.31642029914,6,0.162162162162162
"534","20200803_1535_blob_1088_",1291.51363906326,16,0.432432432432432
"535","20200803_1535_blob_1363_",1289.83453613644,21,0.567567567567568
"536","20200803_1535_blob_1125_",1281.4310240188,18,0.486486486486487
"537","20200803_0949_blob_856_",1254.38971143127,9,0.243243243243243
"538","20200803_1535_blob_1469_",1254.09761120504,36,0.972972972972973
"539","20200803_1535_blob_1055_oil",1250.51096486522,10,0.27027027027027
"540","20200803_1535_blob_1198_",1247.94791271947,8,0.216216216216216
"541","20200803_1535_blob_829_",1238.43714955421,8,0.216216216216216
"542","20200803_0949_blob_800_",1235.90231895683,10,0.27027027027027
"543","20200803_1535_blob_1081_",1231.75302016743,6,0.162162162162162
"544","20200803_1535_blob_1243_",1228.23467420879,16,0.432432432432432
"545","20200803_0949_blob_835_",1191.3045531659,17,0.459459459459459
"546","20200803_0949_blob_783_",1171.28215537683,14,0.378378378378378
"547","20200803_1535_blob_1118_",1148.03973934343,15,0.405405405405405
"548","20200803_1535_blob_1217_",1137.54470424486,19,0.513513513513513
"549","20200803_1535_blob_1174_",1133.30046120481,37,1
"550","20200803_0949_blob_635_",1130.66986150465,4,0.108108108108108
"551","20200803_1535_blob_1195_",1122.71106319264,14,0.378378378378378
"552","20200803_1535_blob_1064_",1118.78725613913,11,0.297297297297297
"553","20200803_1535_blob_1041_",1118.32953735848,8,0.216216216216216
"554","20200803_1535_blob_1301_",1116.03156436741,7,0.189189189189189
"555","20200803_0949_blob_623_",1109.91192349823,5,0.135135135135135
"556","20200803_1535_blob_1203_",1091.4131714988,26,0.702702702702703
"557","20200803_0949_blob_981_",1089.189949162,30,0.810810810810811
"558","20200803_0949_blob_649_",1087.15715954638,8,0.216216216216216
"559","20200803_0949_blob_947_",1084.69992359773,25,0.675675675675676
"560","20200803_0949_blob_1315_",1083.48100841863,35,0.945945945945946
"561","20200803_0949_blob_753_oil",1079.81754371846,7,0.189189189189189
"562","20200803_0949_blob_900_",1073.17162624512,27,0.72972972972973
"563","20200803_0949_blob_961_oil",1052.85259162322,8,0.216216216216216
"564","20200803_0949_blob_1172_",1050.28154702682,16,0.432432432432432
"565","20200803_1535_blob_1383_",1042.0681786704,15,0.405405405405405
"566","20200803_0949_blob_1138_",1034.2378280379,25,0.675675675675676
"567","20200803_1535_blob_1341_",1023.58886311694,37,1
"568","20200803_1535_blob_1323_oil",995.955991615017,6,0.162162162162162
"569","20200803_1535_blob_1163_",986.27658342518,14,0.378378378378378
"570","20200803_1535_blob_1241_",938.687209393375,11,0.297297297297297
"571","20200803_1535_blob_1093_",928.923039467285,8,0.216216216216216
"572","20200803_1535_blob_1030_",921.862543195835,13,0.351351351351351
"573","20200803_1535_blob_1154_",920.935900584179,11,0.297297297297297
"574","20200803_0949_blob_1249_",869.402275298243,33,0.891891891891892
"575","20200803_0949_blob_905_",854.135063269518,10,0.27027027027027
"576","20200803_0949_blob_1827_",849.186919632269,37,1
"577","20200803_1535_blob_1110_",846.428640536266,9,0.243243243243243
"578","20200803_1535_blob_1140_",833.79502957452,18,0.486486486486487
"579","20200803_0949_blob_911_",814.524130631116,9,0.243243243243243
"580","20200803_1535_blob_928_",811.288243643782,5,0.135135135135135
"581","20200803_1535_blob_1193_",809.477373208769,11,0.297297297297297
"582","20200803_1535_blob_1177_",809.440404011637,14,0.378378378378378
"583","20200803_1535_blob_1377_",807.717995521327,10,0.27027027027027
"584","20200803_1535_blob_1144_",802.833668538044,4,0.108108108108108
"585","20200803_1535_blob_1453_",800.745512983847,8,0.216216216216216
"586","20200803_1535_blob_1166_",790.746513904397,12,0.324324324324324
"587","20200803_0949_blob_702_",747.645814796416,6,0.162162162162162
"588","20200803_1535_blob_975_",747.019890568563,8,0.216216216216216
"589","20200803_0949_blob_793_",743.528063545256,8,0.216216216216216
"590","20200803_0949_blob_780_",740.67954882986,3,0.0810810810810811
"591","20200803_1535_blob_1222_",719.112646118298,5,0.135135135135135
"592","20200803_0949_blob_952_",711.654238591235,9,0.243243243243243
"593","20200803_0949_blob_943_oil",704.395645463882,2,0.0540540540540541
"594","20200803_1535_blob_1245_",699.966321735854,5,0.135135135135135
"595","20200803_0949_blob_1303_",699.816247328471,10,0.27027027027027
"596","20200803_0949_blob_1483_",695.871369756897,27,0.72972972972973
"597","20200803_0949_blob_1227_",694.230178699166,10,0.27027027027027
"598","20200803_1535_blob_978_",689.911745079393,7,0.189189189189189
"599","20200803_1535_blob_1107_",681.119985046022,5,0.135135135135135
"600","20200803_1535_blob_1271_oil",652.07528846115,5,0.135135135135135
"601","20200803_0949_blob_654_",632.302799350149,2,0.0540540540540541
"602","20200803_0949_blob_1355_",612.332485183607,16,0.432432432432432
"603","20200803_0949_blob_1273_",607.006187546446,14,0.378378378378378
"604","20200803_1535_blob_1281_",606.637823958762,3,0.0810810810810811
"605","20200803_0949_blob_704_",591.366420788186,9,0.243243243243243
"606","20200803_1535_blob_1164_",580.942226691822,12,0.324324324324324
"607","20200803_0949_blob_966_",575.555393134207,4,0.108108108108108
"608","20200803_0949_blob_701_",574.701929199593,21,0.567567567567568
"609","20200803_0949_blob_1082_",563.858719414049,3,0.0810810810810811
"610","20200803_0949_blob_707_",558.990369187045,3,0.0810810810810811
"611","20200803_0949_blob_1477_",557.511518492843,18,0.486486486486487
"612","20200803_1535_blob_1090_",556.402279015006,9,0.243243243243243
"613","20200803_0949_blob_1115_",541.998644087808,5,0.135135135135135
"614","20200803_1535_blob_1408_",541.472731196334,5,0.135135135135135
"615","20200803_0949_blob_988_oil",540.592053016618,2,0.0540540540540541
"616","20200803_1535_blob_1230_",538.595189898911,4,0.108108108108108
"617","20200803_1535_blob_1260_",527.440862422287,4,0.108108108108108
"618","20200803_0949_blob_1043_",524.013757289709,11,0.297297297297297
"619","20200803_0949_blob_1393_",488.883965785678,30,0.810810810810811
"620","20200803_1535_blob_1013_",488.827273232465,3,0.0810810810810811
"621","20200803_0949_blob_1105_",466.501806582048,3,0.0810810810810811
"622","20200803_0949_blob_1089_",466.27632238628,4,0.108108108108108
"623","20200803_0949_blob_998_",458.60716348514,5,0.135135135135135
"624","20200803_1535_blob_920_",455.082033797179,5,0.135135135135135
"625","20200803_1535_blob_1540_",450.288201731392,8,0.216216216216216
"626","20200803_1535_blob_1038_",436.069601667359,4,0.108108108108108
"627","20200803_0949_blob_1280_",434.590761339588,8,0.216216216216216
"628","20200803_1535_blob_1362_",434.295822962381,7,0.189189189189189
"629","20200803_1535_blob_1349_",405.852778375101,8,0.216216216216216
"630","20200803_0949_blob_1048_",381.937346052204,5,0.135135135135135
"631","20200803_0949_blob_1097_oil",375.570479923567,2,0.0540540540540541
"632","20200803_1535_blob_1018_",338.114715457959,2,0.0540540540540541
"633","20200803_0949_blob_1194_",333.63759955686,9,0.243243243243243
"634","20200803_0949_blob_957_",325.23495419317,3,0.0810810810810811
"635","20200803_0949_blob_904_",324.535814727631,5,0.135135135135135
"636","20200803_0949_blob_990_",323.672008932912,3,0.0810810810810811
"637","20200803_0949_blob_1140_",320.825700392982,11,0.297297297297297
"638","20200803_0949_blob_993_",308.241860439122,2,0.0540540540540541
"639","20200803_0949_blob_1408_",298.31536851451,6,0.162162162162162
"640","20200803_1535_blob_1364_oil",285.106412468219,2,0.0540540540540541
"641","20200803_0949_blob_1071_",280.487593303855,4,0.108108108108108
"642","20200803_1535_blob_1375_",278.604865489016,3,0.0810810810810811
"643","20200803_0949_blob_995_",274.83434623251,3,0.0810810810810811
"644","20200803_0949_blob_954_",265.565409738299,5,0.135135135135135
"645","20200803_1535_blob_1169_",254.273565558693,5,0.135135135135135
"646","20200803_0949_blob_1142_",248.6178124965,3,0.0810810810810811
"647","20200803_0949_blob_932_",206.156542036952,9,0.243243243243243
"648","20200803_1535_blob_1024_",206.096852165842,1,0.027027027027027
"649","20200803_0949_blob_1407_",205.23225471406,3,0.0810810810810811
"650","20200803_0949_blob_940_oil",203.009727907261,2,0.0540540540540541
"651","20200803_0949_blob_1210_",195.492467560529,4,0.108108108108108
"652","20200803_0949_blob_871_",193.851711366511,12,0.324324324324324
"653","20200803_1535_blob_1202_",189.795057815533,2,0.0540540540540541
"654","20200803_0949_blob_1055_",185.912688085927,3,0.0810810810810811
"655","20200803_0949_blob_960_",185.709224481912,2,0.0540540540540541
"656","20200803_0949_blob_863_",183.710116785399,3,0.0810810810810811
"657","20200803_0949_blob_888_oil",176.613957294195,2,0.0540540540540541
"658","20200803_1535_blob_1434_",174.209562996484,1,0.027027027027027
"659","20200803_0949_blob_1134_",171.643469160151,1,0.027027027027027
"660","20200803_0949_blob_1225_",161.399238699208,3,0.0810810810810811
"661","20200803_0949_blob_1144_",153.679817052731,2,0.0540540540540541
"662","20200803_0949_blob_1243_",152.442833305564,3,0.0810810810810811
"663","20200803_0949_blob_2009_",149.578284572399,10,0.27027027027027
"664","20200803_0949_blob_1112_",137.278872563048,1,0.027027027027027
"665","20200803_1535_blob_1167_oil",136.445176982013,1,0.027027027027027
"666","20200803_1535_blob_938_oil",134.895218690828,1,0.027027027027027
"667","20200803_0949_blob_1000_oil",132.231452220376,1,0.027027027027027
"668","20200803_0949_blob_893_",130.664885191001,3,0.0810810810810811
"669","20200803_0949_blob_695_",130.289040088776,1,0.027027027027027
"670","20200803_1535_blob_1550_",107.668725272741,1,0.027027027027027
"671","20200803_0949_blob_1195_",107.32269175361,2,0.0540540540540541
"672","20200803_0949_blob_1433_",106.081931070948,2,0.0540540540540541
"673","20200803_1535_blob_1472_",102.428621184519,1,0.027027027027027
"674","20200803_0949_blob_1004_",102.027921086269,1,0.027027027027027
"675","20200803_0949_blob_982_",94.5440824218097,1,0.027027027027027
"676","20200803_0949_blob_1057_",91.4974262638902,1,0.027027027027027
"677","20200803_1535_blob_1624_",91.2346383727755,1,0.027027027027027
"678","20200803_0949_blob_1128_oil",90.7237686730205,1,0.027027027027027
"679","20200803_0949_blob_735_oil",89.9893001130788,1,0.027027027027027
"680","20200803_0949_blob_1072_",89.7054310051992,1,0.027027027027027
"681","20200803_0949_blob_928_",85.6456782659883,3,0.0810810810810811
"682","20200803_0949_blob_1340_",81.9704489299562,3,0.0810810810810811
"683","20200803_0949_blob_1852_",78.4951472521709,4,0.108108108108108
"684","20200803_0949_blob_1047_",77.996478091918,1,0.027027027027027
"685","20200803_0949_blob_1139_",77.3750071074818,1,0.027027027027027
"686","20200803_0949_blob_1168_",77.3173894776901,2,0.0540540540540541
"687","20200803_0949_blob_929_",69.8126555899247,1,0.027027027027027
"688","20200803_0949_blob_1098_",66.2745635498749,1,0.027027027027027
"689","20200803_0949_blob_1183_",66.0081944305961,1,0.027027027027027
"690","20200803_0949_blob_1005_",63.9773513755133,1,0.027027027027027
"691","20200803_0949_blob_942_oil",63.6221955314676,1,0.027027027027027
"692","20200803_0949_blob_1220_",62.5126256105744,1,0.027027027027027
"693","20200803_0949_blob_1061_",60.7971422846398,1,0.027027027027027
"694","20200803_0949_blob_1237_oil",60.4323645472027,1,0.027027027027027
"695","20200803_0949_blob_1238_",59.0987874544257,1,0.027027027027027
"696","20200803_0949_blob_1295_",58.3551758613587,1,0.027027027027027
"697","20200803_0949_blob_1319_",56.5851298218349,1,0.027027027027027
"698","20200803_0949_blob_1107_oil",55.5695421292998,1,0.027027027027027
"699","20200803_0949_blob_1129_oil",54.7224293884561,1,0.027027027027027
"700","20200803_0949_blob_1520_",53.1249422027781,1,0.027027027027027
"701","20200803_0949_blob_1177_",53.0578071137349,1,0.027027027027027
"702","20200803_0949_blob_1166_oil",52.9828977281483,1,0.027027027027027
"703","20200803_0949_blob_869_",51.8975649777047,1,0.027027027027027
"704","20200803_0949_blob_914_",51.2064688399753,1,0.027027027027027
"705","20200803_0949_blob_1474_",46.7671214416647,1,0.027027027027027
"706","20200803_0949_blob_980_",45.4728968610569,1,0.027027027027027
"707","20200803_0949_blob_1451_",44.6888291109601,1,0.027027027027027
"708","20200803_0949_blob_1001_",44.2853871977568,1,0.027027027027027
"709","20200803_0949_blob_1102_oil",42.6005123953143,1,0.027027027027027
"710","20200803_0949_blob_1462_",38.9245271341405,1,0.027027027027027
"711","20200803_0949_blob_1733_",38.3402550825296,1,0.027027027027027
"712","20200803_0949_blob_1526_",37.8125499426072,1,0.027027027027027
"713","20200803_0949_blob_1276_",37.7638954246262,1,0.027027027027027
"714","20200803_0949_blob_1363_",36.5955804990104,2,0.0540540540540541
"715","20200803_0949_blob_1025_",35.9582865476743,1,0.027027027027027
"716","20200803_0949_blob_1763_",35.1692234222902,1,0.027027027027027
"717","20200803_0949_blob_1701_",34.4702591318189,1,0.027027027027027
"718","20200803_0949_blob_1322_",34.3749840912099,1,0.027027027027027
"719","20200803_0949_blob_1481_",33.3363379939474,1,0.027027027027027
"720","20200803_0949_blob_1161_",32.8302912446125,1,0.027027027027027
"721","20200803_0949_blob_1458_",32.8274681013915,1,0.027027027027027
"722","20200803_0949_blob_1765_",32.5214541138837,2,0.0540540540540541
"723","20200803_0949_blob_1672_",31.4776309438385,1,0.027027027027027
"724","20200803_0949_blob_1650_",29.5718053659939,1,0.027027027027027
"725","20200803_1535_blob_1950_",29.399181458632,1,0.027027027027027
"726","20200803_0949_blob_1385_",29.0338287059372,1,0.027027027027027
"727","20200803_0949_blob_1772_",29.0282110474465,1,0.027027027027027
"728","20200803_0949_blob_1815_",27.2195775998449,1,0.027027027027027
"729","20200803_0949_blob_1558_",27.1444133700957,1,0.027027027027027
"730","20200803_0949_blob_1434_",26.949715295503,1,0.027027027027027
"731","20200803_0949_blob_1173_",25.3864569087787,1,0.027027027027027
"732","20200803_0949_blob_1231_",25.3529759498555,1,0.027027027027027
"733","20200803_0949_blob_1677_",25.1614177518811,1,0.027027027027027
"734","20200803_0949_blob_1271_",24.9272184771341,1,0.027027027027027
"735","20200803_0949_blob_1360_",24.2716449829363,1,0.027027027027027
"736","20200803_0949_blob_1567_",24.2284089112014,1,0.027027027027027
"737","20200803_0949_blob_1890_",23.964883722601,1,0.027027027027027
"738","20200803_0949_blob_1375_",22.4953104419835,1,0.027027027027027
"739","20200803_0949_blob_1214_",20.3031240998831,1,0.027027027027027
"740","20200803_0949_blob_1294_",19.6453953567964,1,0.027027027027027
"741","20200803_0949_blob_1571_",18.7675722763732,1,0.027027027027027
"742","20200803_0949_blob_1860_",18.4407618559936,1,0.027027027027027
"743","20200803_0949_blob_1956_",18.1091213823647,1,0.027027027027027
"744","20200803_0949_blob_1465_",17.8339126638093,1,0.027027027027027
"745","20200803_0949_blob_2202_",15.6166502755666,1,0.027027027027027
"746","20200803_0949_blob_2000_",14.1512300067968,1,0.027027027027027
"747","20200803_0949_blob_1712_",14.0665324840489,1,0.027027027027027
"748","20200803_0949_blob_2052_",13.9666278162181,1,0.027027027027027
"749","20200803_0949_blob_2253_",12.8063451779183,1,0.027027027027027
"750","20200803_0949_blob_2330_",12.7153648084204,1,0.027027027027027
"751","20200803_0949_blob_2405_",10.0667252647447,1,0.027027027027027
"752","20200803_0949_blob_2201_",9.21049284571057,1,0.027027027027027
"753","20200803_0949_blob_2342_",8.71872769765936,1,0.027027027027027
"754","20200803_0949_blob_2422_",3.17051924851564,1,0.027027027027027
