Name,d_alkane_RTI,MS,RT220200803_1535_blob_21_,1526.553672,"40 3; 41 199; 42 8; 43 115; 44 9; 
45 119; 46 7; 47 55; 48 3; 49 2; 
50 2; 51 9; 52 4; 53 23; 54 3; 
55 77; 56 6; 57 372; 58 20; 59 26; 
60 6; 61 23; 62 3; 63 5; 64 3; 
65 23; 66 4; 67 28; 68 3; 69 33; 
70 4; 71 3; 72 5; 73 999; 74 88; 
75 454; 76 36; 77 69; 78 13; 79 41; 
80 5; 81 13; 82 3; 83 20; 84 2; 
85 3; 86 1; 87 2; 88 2; 89 7; 
90 2; 91 99; 92 10; 93 23; 94 3; 
95 9; 96 2; 97 42; 98 3; 99 3; 
100 1; 101 2; 102 3; 103 18; 104 6; 
105 90; 106 11; 107 30; 108 5; 109 9; 
110 5; 111 4; 112 1; 113 2; 114 1; 
115 46; 116 15; 117 39; 118 9; 119 105; 
120 15; 121 46; 122 8; 123 9; 124 2; 
125 3; 126 2; 127 12; 128 42; 129 43; 
130 18; 131 68; 132 9; 133 139; 134 22; 
135 37; 136 6; 137 5; 138 1; 139 4; 
140 2; 141 18; 142 7; 143 16; 144 12; 
145 32; 146 13; 147 64; 148 12; 149 19; 
150 4; 151 7; 152 3; 153 7; 154 3; 
155 9; 156 5; 157 8; 158 4; 159 14; 
160 7; 161 140; 162 23; 163 30; 164 6; 
165 9; 166 5; 167 5; 168 2; 169 2; 
170 3; 171 5; 172 3; 173 9; 174 5; 
175 200; 176 27; 177 24; 178 6; 179 18; 
180 9; 181 32; 182 7; 183 6; 184 2; 
185 4; 186 2; 187 6; 188 18; 189 27; 
190 5; 191 17; 192 7; 193 82; 194 18; 
195 42; 196 18; 197 18; 198 5; 199 2; 
200 1; 201 3; 202 2; 203 106; 204 18; 
205 13; 206 9; 207 44; 208 24; 209 245; 
210 44; 211 21; 212 18; 213 4; 214 2; 
215 3; 216 2; 217 7; 218 5; 219 20; 
220 10; 221 190; 222 53; 223 114; 224 27; 
225 11; 226 3; 227 2; 228 2; 229 2; 
230 1; 231 2; 232 2; 233 5; 234 3; 
235 47; 236 25; 237 642; 238 152; 239 45; 
240 9; 241 3; 242 2; 243 2; 244 1; 
245 4; 246 2; 247 3; 248 1; 249 3; 
250 5; 251 550; 252 557; 253 130; 254 25; 
255 5; 256 2; 257 1; 258 1; 259 1; 
260 1; 261 1; 262 1; 263 2; 264 1; 
265 40; 266 8; 267 3; 268 1; 275 40; 
276 7; 277 7; 278 2; 279 2; 280 22; 
281 4; 282 2; 291 1; 292 2; 293 870; 
294 258; 295 56; 296 8; 297 2; 298 1; 
308 67; 309 13; 310 2; 
",0.38182956920200803_1535_blob_745_,1440.677966,"40 18; 41 169; 42 29; 43 717; 44 36; 
45 88; 46 7; 47 33; 48 4; 49 4; 
50 3; 51 3; 52 3; 53 16; 54 4; 
55 154; 56 61; 57 43; 58 24; 59 44; 
60 5; 61 26; 62 4; 63 5; 64 2; 
65 7; 66 2; 67 23; 68 8; 69 128; 
70 43; 71 999; 72 53; 73 676; 74 55; 
75 402; 76 23; 77 23; 78 4; 79 10; 
80 2; 81 14; 82 8; 83 499; 84 42; 
85 18; 86 5; 87 5; 88 10; 89 15; 
90 4; 91 9; 92 2; 93 4; 94 3; 
95 36; 96 40; 97 117; 98 267; 99 26; 
100 3; 101 9; 102 3; 103 236; 104 18; 
105 7; 107 1; 109 3; 110 60; 111 124; 
112 10; 113 13; 114 4; 115 31; 116 5; 
117 9; 118 1; 122 1; 123 1; 124 1; 
125 2; 126 9; 127 8; 128 3; 129 27; 
130 12; 131 8; 132 2; 141 1; 142 6; 
143 22; 144 25; 145 517; 146 42; 147 17; 
148 3; 149 1; 152 1; 153 1; 155 12; 
156 2; 157 215; 158 26; 159 18; 160 5; 
161 207; 162 20; 163 15; 164 1; 167 1; 
175 1; 185 11; 186 4; 187 2; 191 1; 
200 3; 201 6; 203 1; 215 36; 216 8; 
217 5; 245 14; 246 2; 
",0.464387313
